{
    "providers": [
        {
            "type": "bitmap",
            "file": "minecraft:item/apple.png",
            "ascent": 9,
            "height": 9,
            "chars": ["\uE000"]
        },
        {
            "type": "bitmap",
            "file": "minecraft:custom/fire.png",
            "ascent": 9,
            "height": 9,
            "chars": ["\uE001"]
        },
        {
            "type": "bitmap",
            "file": "minecraft:item/emerald.png",
            "ascent": 9,
            "height": 9,
            "chars": ["\uE002"]
        },
        {
            "type": "bitmap",
            "file": "minecraft:custom/poo.png",
            "ascent": 9,
            "height": 9,
            "chars": ["\uE003"]
        },
        {
            "type": "bitmap",
            "file": "minecraft:custom/passions.png",
            "ascent": 22,
            "height": 100,
            "chars": ["\uE004"]
        },
        {
            "type": "bitmap",
            "file": "minecraft:guis/island.png",
            "ascent": 13,
            "height": 139,
            "chars": ["\uE005"]
        },
        {
            "type": "bitmap",
            "file": "minecraft:guis/pixel.png",
            "ascent": -2000,
            "height": -3,
            "chars": ["\uE006"]
        },
        {
            "type": "bitmap",
            "file": "minecraft:guis/shop.png",
            "ascent": 13,
            "height": 139,
            "chars": ["\uE007"]
        },
        {
            "type": "bitmap",
            "file": "minecraft:custom/blocks.png",
            "ascent": 9,
            "height": 13,
            "chars": ["\uE008"]
        },
        {
            "type": "bitmap",
            "file": "minecraft:custom/ores.png",
            "ascent": 9,
            "height": 13,
            "chars": ["\uE009"]
        },
        {
            "type": "bitmap",
            "file": "minecraft:custom/farm.png",
            "ascent": 9,
            "height": 13,
            "chars": ["\uE010"]
        },
        {
            "type": "bitmap",
            "file": "minecraft:custom/vitals.png",
            "ascent": 9,
            "height": 13,
            "chars": ["\uE011"]
        },
        {
            "type": "bitmap",
            "file": "minecraft:custom/decor.png",
            "ascent": 9,
            "height": 13,
            "chars": ["\uE012"]
        },
        {
            "type": "bitmap",
            "file": "minecraft:custom/drops.png",
            "ascent": 9,
            "height": 13,
            "chars": ["\uE013"]
        },
        {
            "type": "bitmap",
            "file": "minecraft:custom/spawner.png",
            "ascent": 9,
            "height": 13,
            "chars": ["\uE014"]
        },
        {
            "type": "bitmap",
            "file": "minecraft:custom/dyes.png",
            "ascent": 9,
            "height": 13,
            "chars": ["\uE015"]
        },
        {
            "type": "bitmap",
            "file": "minecraft:custom/redstone.png",
            "ascent": 9,
            "height": 13,
            "chars": ["\uE016"]
        },
        {
            "type": "bitmap",
            "file": "minecraft:custom/misc.png",
            "ascent": 9,
            "height": 13,
            "chars": ["\uE017"]
        },
        {
            "type": "bitmap",
            "file": "minecraft:guis/blocksmenu.png",
            "ascent": 13,
            "height": 139,
            "chars": ["\uE018"]
        },
        {
            "type": "bitmap",
            "file": "minecraft:guis/oresmenu.png",
            "ascent": 13,
            "height": 139,
            "chars": ["\uE019"]
        },
        {
            "type": "bitmap",
            "file": "minecraft:guis/decormenu.png",
            "ascent": 13,
            "height": 139,
            "chars": ["\uE020"]
        },
        {
            "type": "bitmap",
            "file": "minecraft:guis/dropsmenu.png",
            "ascent": 13,
            "height": 139,
            "chars": ["\uE021"]
        },
        {
            "type": "bitmap",
            "file": "minecraft:guis/dyesmenu.png",
            "ascent": 13,
            "height": 139,
            "chars": ["\uE022"]
        },
        {
            "type": "bitmap",
            "file": "minecraft:guis/farmingmenu.png",
            "ascent": 13,
            "height": 139,
            "chars": ["\uE023"]
        },
        {
            "type": "bitmap",
            "file": "minecraft:guis/miscmenu.png",
            "ascent": 13,
            "height": 139,
            "chars": ["\uE024"]
        },
        {
            "type": "bitmap",
            "file": "minecraft:guis/redstonemenu.png",
            "ascent": 13,
            "height": 139,
            "chars": ["\uE025"]
        },
        {
            "type": "bitmap",
            "file": "minecraft:guis/spawnermenu.png",
            "ascent": 13,
            "height": 139,
            "chars": ["\uE026"]
        },
        {
            "type": "bitmap",
            "file": "minecraft:guis/vitalsmenu.png",
            "ascent": 13,
            "height": 139,
            "chars": ["\uE027"]
        },
        {
            "type": "ttf",
            "file": "minecraft:negative_spaces.ttf",
            "shift": [0.0, 0.0],
            "size": 10.0,
            "oversample": 1.0
        }
    ]
}